user_id,plan_id,username,password,email,date_joined
1,0,user1,V(T@dO^1UOkyv,user1@gmail.com,10/9/2024
2,0,user2,R5S7Jt!J36#tF,user2@gmail.com,10/9/2024
3,0,user3,z1FI7IG51kgZM,user3@gmail.com,10/9/2024
4,0,user4,U)m$OCt0Xjhed,user4@gmail.com,10/9/2024
5,0,user5,gB7^JsaSGZW4D,user5@gmail.com,10/9/2024
6,0,user6,F5h2cBy38Z)gG,user6@gmail.com,10/9/2024
7,0,user7,7RYwozAo1p)ZR,user7@gmail.com,10/9/2024
8,0,user8,cUhuWfy8I!s3^,user8@gmail.com,10/9/2024
9,0,user9,vuWPAeDmdpxQk,user9@gmail.com,10/9/2024
10,0,user10,t8C*92aWYcFbs,user10@gmail.com,10/9/2024
11,0,user11,KU0*(GaDtldjh,user11@gmail.com,10/9/2024
12,0,user12,njy042g)4KpIH,user12@gmail.com,10/9/2024
13,0,user13,70zOULl^ToxRL,user13@gmail.com,10/9/2024
14,0,user14,i99(J^bjdC1FY,user14@gmail.com,10/9/2024
15,0,user15,8gTSQKdyEGN4@,user15@gmail.com,10/9/2024
16,0,user16,JZxcTe)t@W8Zm,user16@gmail.com,10/9/2024
17,0,user17,i2Y4iQUpW0$L&,user17@gmail.com,10/9/2024
18,0,user18,^7gHqshbQEO(x,user18@gmail.com,10/9/2024
19,0,user19,%!onUUSn5JDJ1,user19@gmail.com,10/9/2024
20,0,user20,#BjCg)ISxyVP2,user20@gmail.com,10/9/2024
21,0,user21,wteQtv1edP0L),user21@gmail.com,10/9/2024
22,0,user22,xgqizBJob@fv9,user22@gmail.com,10/9/2024
23,0,user23,4QnVH9nFZSemd,user23@gmail.com,10/9/2024
24,0,user24,BKx49choZ2zGc,user24@gmail.com,10/9/2024
25,0,user25,enO9@$eDm6Of$,user25@gmail.com,10/9/2024
26,0,user26,mlZaNVs#siBXa,user26@gmail.com,10/9/2024
27,0,user27,UU(I2G2MxH&S9,user27@gmail.com,10/9/2024
28,0,user28,2&okAM%yarP5B,user28@gmail.com,10/9/2024
29,0,user29,edr6hRs2L2zSt,user29@gmail.com,10/9/2024
30,0,user30,(I6jqj@hdfD3S,user30@gmail.com,10/9/2024
31,0,user31,#Dl!yt15D@u3@,user31@gmail.com,10/9/2024
32,0,user32,8nd#$FhrH@M&(,user32@gmail.com,10/9/2024
33,0,user33,chOlx^0&ycLqz,user33@gmail.com,10/9/2024
34,0,user34,UTHjVri82A8kv,user34@gmail.com,10/9/2024
35,0,user35,wXZtX%pQLG6Xx,user35@gmail.com,10/9/2024
36,0,user36,cg4lecfIh1ZS6,user36@gmail.com,10/9/2024
37,0,user37,bRrhJFJcUAA)!,user37@gmail.com,10/9/2024
38,0,user38,@DFQK$Nep3rEz,user38@gmail.com,10/9/2024
39,0,user39,V@@YCkNG0O5Y#,user39@gmail.com,10/9/2024
40,0,user40,Zvi&R!x^TmYwr,user40@gmail.com,10/9/2024
41,0,user41,)vle8)CT@MGEX,user41@gmail.com,10/9/2024
42,0,user42,N3n#l9)$^1hul,user42@gmail.com,10/9/2024
43,0,user43,p6c46OP%H)cfF,user43@gmail.com,10/9/2024
44,0,user44,W5mg8brsNot)*,user44@gmail.com,10/9/2024
45,0,user45,HqmunYwCb@eNE,user45@gmail.com,10/9/2024
46,0,user46,S8JHUxCMczkxw,user46@gmail.com,10/9/2024
47,0,user47,Ort^5kzi6bkXE,user47@gmail.com,10/9/2024
48,0,user48,wz4r)nQY5c#u#,user48@gmail.com,10/9/2024
49,0,user49,GOrHeK9NNyzAP,user49@gmail.com,10/9/2024
50,0,user50,vdt5Tfcm%N1m@,user50@gmail.com,10/9/2024
51,0,user51,V^wJWGf$%8q!t,user51@gmail.com,10/9/2024
52,0,user52,vR!T1PMPW!633,user52@gmail.com,10/9/2024
53,0,user53,5zt6Jz(wZLSFk,user53@gmail.com,10/9/2024
54,0,user54,EfLO@oPC4iaPU,user54@gmail.com,10/9/2024
55,0,user55,i6ewZ(ij32kF&,user55@gmail.com,10/9/2024
56,0,user56,Re&QnpqFXL$r@,user56@gmail.com,10/9/2024
57,0,user57,t1vA7ji0dknh6,user57@gmail.com,10/9/2024
58,0,user58,GUmiAYGqzOR9W,user58@gmail.com,10/9/2024
59,0,user59,sv%C(uLaLBfMi,user59@gmail.com,10/9/2024
60,0,user60,7v#tvcidmWvk0,user60@gmail.com,10/9/2024
61,0,user61,BU%m8!8UdYoKy,user61@gmail.com,10/9/2024
62,0,user62,Kna&BUjGWrvsC,user62@gmail.com,10/9/2024
63,0,user63,h&^i2x%bV4rMo,user63@gmail.com,10/9/2024
64,0,user64,VbYNxcKpLtZlU,user64@gmail.com,10/9/2024
65,0,user65,i$Nj!J5vGaSpX,user65@gmail.com,10/9/2024
66,0,user66,ipsPklT4p#V(),user66@gmail.com,10/9/2024
67,0,user67,MXX&4gwX4xxfr,user67@gmail.com,10/9/2024
68,0,user68,Ki0N)tQy2z&lI,user68@gmail.com,10/9/2024
69,0,user69,rzfL*WQJ!vYW&,user69@gmail.com,10/9/2024
70,0,user70,A7TyQz92q2u9m,user70@gmail.com,10/9/2024
71,0,user71,lgN(dEzXMWJ^z,user71@gmail.com,10/9/2024
72,0,user72,ny)^C0pVZ^Top,user72@gmail.com,10/9/2024
73,0,user73,%h8BRamvp7dcA,user73@gmail.com,10/9/2024
74,0,user74,BJwqw#qXS*pWx,user74@gmail.com,10/9/2024
75,0,user75,IB#osEJariPKt,user75@gmail.com,10/9/2024
76,0,user76,valAHjE9zCIkh,user76@gmail.com,10/9/2024
77,0,user77,@xf8gbVeeM(f6,user77@gmail.com,10/9/2024
78,0,user78,5j&Xq@PE6*0jZ,user78@gmail.com,10/9/2024
79,0,user79,xOORBAaC$ln2b,user79@gmail.com,10/9/2024
80,0,user80,42EJ6vYTcSVOx,user80@gmail.com,10/9/2024
81,0,user81,cdOCvXusK)v2l,user81@gmail.com,10/9/2024
82,0,user82,X^(6HKNB(lVGL,user82@gmail.com,10/9/2024
83,0,user83,JZB0jCY^pV0qJ,user83@gmail.com,10/9/2024
84,0,user84,d0Z1XxGKKAZ8M,user84@gmail.com,10/9/2024
85,0,user85,!pz3hecIubcpQ,user85@gmail.com,10/9/2024
86,0,user86,aPZr4am@jt6lj,user86@gmail.com,10/9/2024
87,0,user87,APBHTSJsDeaFu,user87@gmail.com,10/9/2024
88,0,user88,KY!f&#mvg3X^L,user88@gmail.com,10/9/2024
89,0,user89,0O&%ut^@(WMsd,user89@gmail.com,10/9/2024
